title,link,published,summary
"Angka Golput Pilkada Jakarta Tinggi, Perludem: Calonnya Tak Sesuai Aspirasi Masyarakat",https://nasional.tempo.co/read/1946919/angka-golput-pilkada-jakarta-tinggi-perludem-calonnya-tak-sesuai-aspirasi-masyarakat,"Fri, 29 Nov 2024 14:58:00 +0700",Perludem menilai tingginya angka golput Pilkada Jakarta disebabkan oleh ketidaksesuaian aspirasi masyarakat dengan calon yang diusung partai.
Kemenhan-KKP Kolaborasi Bangun Kawasan Pertahanan dan Perikanan di Pulau Morotai,https://nasional.tempo.co/read/1946900/kemenhan-kkp-kolaborasi-bangun-kawasan-pertahanan-dan-perikanan-di-pulau-morotai,"Fri, 29 Nov 2024 14:09:00 +0700",Pulau Morotai terbilang cukup strategis untuk dijadikan kawasan pertahanan.
Sampul dan Liputan Tempo tentang Judi Online Sesuai Kode Etik Jurnalistik,https://nasional.tempo.co/read/1946896/sampul-dan-liputan-tempo-tentang-judi-online-sesuai-kode-etik-jurnalistik,"Fri, 29 Nov 2024 13:53:37 +0700",Dewan Pers menyatakan sampul dan liputan judi online bergambar Budi Arie Setiadi tak melanggar kode etik jurnalistik.
Pengamat: Pilkada Kota Banjarbaru Harusnya Lawan Kotak Kosong,https://nasional.tempo.co/read/1946881/pengamat-pilkada-kota-banjarbaru-harusnya-lawan-kotak-kosong,"Fri, 29 Nov 2024 13:13:00 +0700",Paslon yang telah didiskualifikasi dalam Pilkada Kota Banjarbaru memeroleh suara terbanyak.
"53 Tahun BP Batam, Ada Pegawai yang Terlibat penyelundupan Pekerja Migran Ilegal",https://nasional.tempo.co/read/1946873/53-tahun-bp-batam-ada-pegawai-yang-terlibat-penyelundupan-pekerja-migran-ilegal,"Fri, 29 Nov 2024 13:00:31 +0700",ASN BP Batam diduga telah menyelundupkan pekerja migran illegal. Berikut sejarah 53 tahun BP Batam.
Beragam Destinasi Wisata di Sumba Barat Daya,https://nasional.tempo.co/read/1946855/beragam-destinasi-wisata-di-sumba-barat-daya,"Fri, 29 Nov 2024 11:53:31 +0700",Sumba Barat Daya menawarkan perpaduan sempurna antara keindahan alam dan budaya yang kaya.
Pilkada 2024 Serentak: Perbedaan Quick Count dan Real Count,https://nasional.tempo.co/read/1946853/pilkada-2024-serentak-perbedaan-quick-count-dan-real-count,"Fri, 29 Nov 2024 11:44:29 +0700","Real count dan quick count adalah dua metode untuk mengetahui hasil pemilihan umum dan Pilkada 2024, apa bedanya?"
Mensesneg soal Kasetpres Prabowo dari Militer: Kami Paham Track Record Mayjen Ariyo,https://nasional.tempo.co/read/1946849/mensesneg-soal-kasetpres-prabowo-dari-militer-kami-paham-track-record-mayjen-ariyo,"Fri, 29 Nov 2024 11:31:00 +0700",Menteri Sekretaris Negara Prasetyo Hadi menegaskan bahwa Presiden Prabowo Subianto memilih Mayjen TNI Ariyo Windutomo sebagai Kasetpres karena kompetensinya yang dinilai terbaik.
"Usai Pencoblosan, MK Sebut Belum Ada Gugatan Sengketa Pilkada 2024",https://nasional.tempo.co/read/1946836/usai-pencoblosan-mk-sebut-belum-ada-gugatan-sengketa-pilkada-2024,"Fri, 29 Nov 2024 10:51:00 +0700",MK membentuk gugus tugas untuk menangani sengketa pilkada 2024.
"Alwin Kiemas Pelaku Situs Judi Online, PDIP Tegaskan Bukan Keluarga Megawati-Taufiq Kiemas",https://nasional.tempo.co/read/1946837/alwin-kiemas-pelaku-situs-judi-online-pdip-tegaskan-bukan-keluarga-megawati-taufiq-kiemas,"Fri, 29 Nov 2024 10:50:10 +0700",Alwin Kiemas ditetapkan sebagai pelaku jaringan situs judi online. PDIP membantah Alwin ada hubungan keluarga dengan Megawati-Taufiq Kiemas.
Wali Kota Cilegon Apresiasi ASN Bantu Realisasikan Visi-Misi,https://nasional.tempo.co/read/1946833/wali-kota-cilegon-apresiasi-asn-bantu-realisasikan-visi-misi,"Fri, 29 Nov 2024 10:40:00 +0700",Wali Kota Cilegon Helldy Agustian memberikan apresiasi kepada seluruh ASN yang telah bekerja keras  merealisasikan visi dan misi dia selama memimpin kota itu.
"Respons Listyo Sigit, Budi Gunawan, dan Komnas HAM Soal Kasus Polisi Tembak Polisi di Solok Selatan",https://nasional.tempo.co/read/1946830/respons-listyo-sigit-budi-gunawan-dan-komnas-ham-soal-kasus-polisi-tembak-polisi-di-solok-selatan,"Fri, 29 Nov 2024 10:27:08 +0700","Peristiwa polisi tembak polisi di Solok Selatan menjadi sorotan publik. Bagaimana respons Kapolri, Menkopolkam, dan Komnas HAM?"
"Hanya Dapat 33 Persen Suara, Calon Bupati Inkumben Kalah Telak di Pilkada Garut",https://nasional.tempo.co/read/1946828/hanya-dapat-33-persen-suara-calon-bupati-inkumben-kalah-telak-di-pilkada-garut,"Fri, 29 Nov 2024 10:20:04 +0700",Pilkada Kabupaten Garut memberi kejutan dengan kekalahan pasangan calon inkumben Helmi Budiman-Yudi Nugraha.
Cak Imin Sebut Pemerintah Cari Solusi agar Pelayanan Korban Judi Online Ditanggung BPJS,https://nasional.tempo.co/read/1946819/cak-imin-sebut-pemerintah-cari-solusi-agar-pelayanan-korban-judi-online-ditanggung-bpjs,"Fri, 29 Nov 2024 10:12:00 +0700","Cak Imin mengatakan, sejumlah rumah sakit memang sudah merawat korban judi online."
Respons Anggota DPR atas Usulan Menempatkan Polri di Bawah Kementerian,https://nasional.tempo.co/read/1946823/respons-anggota-dpr-atas-usulan-menempatkan-polri-di-bawah-kementerian,"Fri, 29 Nov 2024 10:09:31 +0700",Anggota DPR Nasir Djamil menilai penempatan Polri langsung di Presiden sudah tepat.
"Heru Budi Tak Lagi Jadi Kasetpres, Apa Jabatannya Kini?",https://nasional.tempo.co/read/1946815/heru-budi-tak-lagi-jadi-kasetpres-apa-jabatannya-kini,"Fri, 29 Nov 2024 09:49:23 +0700",Heru Budi Hartono ditunjuk sebagai Staf Khusus Menteri Sekretaris Negara (Mensesneg) Prasetyo Hadi setelah dirotasi dari posisi Kepala Sekretariat Presiden atau Kasetpres.
Presiden Prabowo Gelar Sidang Kabinet Paripurna di Istana Sore Ini,https://nasional.tempo.co/read/1946809/presiden-prabowo-gelar-sidang-kabinet-paripurna-di-istana-sore-ini,"Fri, 29 Nov 2024 09:35:58 +0700","Presiden Prabowo Subianto akan menggelar Sidang Kabinet di Kantor Presiden, kompleks Istana Kepresidenan Jakarta."
Cak Imin: Klaim BPJS Belum Bisa Sepenuhnya untuk Korban Judol,https://nasional.tempo.co/read/1946806/cak-imin-klaim-bpjs-belum-bisa-sepenuhnya-untuk-korban-judol,"Fri, 29 Nov 2024 09:34:52 +0700",Cak Imin mengatakan korban judi online (Judol) belum bisa sepenuhnya dilayani melalui bantuan Badan Penyelenggara Jaminan Sosial (BPJS) Kesehatan.
"Polri Pecat AKP Dadang Iskandar sebagai Kepala Bagian Operasional Polres Solok Selatan, Apa Tugas Kepala Bagops",https://nasional.tempo.co/read/1946804/polri-pecat-akp-dadang-iskandar-sebagai-kepala-bagian-operasional-polres-solok-selatan-apa-tugas-kepala-bagops,"Fri, 29 Nov 2024 09:30:06 +0700","AKP Dadang Iskandar, pelaku penembakan sesama rekan polisi menjabat Kepala Bagian Operasional Polres Solok Selatan. Apa tugas Kepala Bagops?"
"KIM Unggul Pilkada 2024 di Sejumlah Daerah kecuali Jakarta, Ray Rangkuti: Ibarat Juara Tanpa Mahkota",https://nasional.tempo.co/read/1946799/kim-unggul-pilkada-2024-di-sejumlah-daerah-kecuali-jakarta-ray-rangkuti-ibarat-juara-tanpa-mahkota,"Fri, 29 Nov 2024 09:25:00 +0700",Ray Rangkuti mengatakan kemenangan KIM di sejumlah provinsi pada Pilkada 2024 serentak itu layaknya juara tanpa mahkota.
"KPU Kabupaten Karanganyar Akan Gelar Pemungutan Suara Ulang di Satu TPS, Ini Sebabnya",https://nasional.tempo.co/read/1946800/kpu-kabupaten-karanganyar-akan-gelar-pemungutan-suara-ulang-di-satu-tps-ini-sebabnya,"Fri, 29 Nov 2024 09:23:00 +0700",KPU Kabupaten Karanganyar akan melakukan pencoblosan ulang di salah satu TPS.
ICW Minta KPU Serius Tangani Dana Kampanye Pilkada 2024,https://nasional.tempo.co/read/1946793/icw-minta-kpu-serius-tangani-dana-kampanye-pilkada-2024,"Fri, 29 Nov 2024 08:56:36 +0700","Seira Tamara, Anggota Divisi Korupsi Politik ICW, mengatakan masih ada 33 paslon yang jumlah pengeluaran dana kampanyenya berjumlah Rp 0."
"Mendikdasmen Didesak Bikin Regulasi Lindungi Guru, Buntut Krimininalisasi di Konawe Selatan",https://nasional.tempo.co/read/1946790/mendikdasmen-didesak-bikin-regulasi-lindungi-guru-buntut-krimininalisasi-di-konawe-selatan,"Fri, 29 Nov 2024 08:51:39 +0700",Organisasi profesi pengawas sekolah dan kepala sekolah mendesak Menteri Pendidikan Dasar dan Menengah Abdul Mu'ti dan DPR untuk menerbitkan regulasi perlindungan guru.
"Yakin Pilkada Jakarta Dua Putaran, Tim RIDO Konsolidasikan Parpol Pendukung",https://nasional.tempo.co/read/1946785/yakin-pilkada-jakarta-dua-putaran-tim-rido-konsolidasikan-parpol-pendukung,"Fri, 29 Nov 2024 08:39:09 +0700",Tim RIDO menyebut bakal menyiapkan sejumlah kader terbaik untuk mengikuti proses rekapitulasi suara Pilkada Jakarta.
Hasil Quick Count Poltracking: Pramono Anung-Rano Karno Unggul di atas 50 Persen,https://nasional.tempo.co/read/1946782/hasil-quick-count-poltracking-pramono-anung-rano-karno-unggul-di-atas-50-persen,"Fri, 29 Nov 2024 08:28:57 +0700","Berdasarkan hasil quick count Poltracking Indonesia, pasangan Pramono Anung-Rano Karno menang di Pilkada Jakarta dengan 50 persen lebih suara."
Kenaikan Gaji dan Pelbagai Kebijakan Prabowo untuk Meningkatkan Kesejahteraan Guru,https://nasional.tempo.co/read/1946780/kenaikan-gaji-dan-pelbagai-kebijakan-prabowo-untuk-meningkatkan-kesejahteraan-guru,"Fri, 29 Nov 2024 08:14:07 +0700","Selain kenaikan gaji dan tunjangan, berbagai langkah kebijakan yang diklaim bisa meningkatkan kesejahteraan guru dipersiapkan oleh Prabowo. Apa Saja?"
Mensesneg Lantik Mayjen TNI Ariyo Windutomo sebagai Kasetpres Pagi Ini,https://nasional.tempo.co/read/1946778/mensesneg-lantik-mayjen-tni-ariyo-windutomo-sebagai-kasetpres-pagi-ini,"Fri, 29 Nov 2024 07:57:47 +0700",Mensesneg Prasetyo Hadi akan melantik Mayjen TNI Ariyo Windutomo sebagai Kepala Sekretariat Presiden menggantikan Heru Budi hartono.
"Mengenal Melan Achmad, Mbah Guru Matematika TikTok",https://nasional.tempo.co/read/1946774/mengenal-melan-achmad-mbah-guru-matematika-tiktok,"Fri, 29 Nov 2024 07:47:00 +0700","Berawal dari rumah kontrakannya di Jawa Tengah, Mbah Guru Matematika mendapat penghargaan dari Presiden Prabowo."
Tahapan Pilkada 2024 Setelah Pemungutan Suara,https://nasional.tempo.co/read/1946764/tahapan-pilkada-2024-setelah-pemungutan-suara,"Fri, 29 Nov 2024 07:18:00 +0700",Terdapat beberapa tahapan lagi dalam menentukan pemimpin dan wakilnya tingkat daerah. Ini rincian tahapan yang akan berlangsung pasca pemungutan suara
PDIP Siap Beberkan Dugaan Pelanggaran TSM di Pilkada ke MK,https://nasional.tempo.co/read/1946765/pdip-siap-beberkan-dugaan-pelanggaran-tsm-di-pilkada-ke-mk,"Fri, 29 Nov 2024 06:53:47 +0700",PDIP mengungkapkan menemukan dugaan ketidaknetralan aparat keamanan pada Pilkada 2024.
DPR Usul Pilkada Provinsi Dipilih oleh DPRD,https://nasional.tempo.co/read/1946762/dpr-usul-pilkada-provinsi-dipilih-oleh-dprd,"Fri, 29 Nov 2024 06:40:07 +0700","Wakil Ketua Badan Anggaran (Banggar) DPR RI Jazilul Fawaid mengusulkan agar Pilkada di tingkat provinsi dipilih melalui DPRD masing-masing provinsi,"
"Sejarah Metode Quick Count, Siapa yang Pertama Kali Memulai?",https://nasional.tempo.co/read/1946760/sejarah-metode-quick-count-siapa-yang-pertama-kali-memulai,"Fri, 29 Nov 2024 06:34:53 +0700","Perhitungan cepat atau quick count selalu dinanti dalam setiap pemilu dan pilkada,. Apa quick count itu dan bagaimana sejarah awalnya?"
"Prabowo Beri Penghargaan untuk 'Mbah Guru Matematika', Dapat Hadiah Rp 100 Juta",https://nasional.tempo.co/read/1946749/prabowo-beri-penghargaan-untuk-mbah-guru-matematika-dapat-hadiah-rp-100-juta,"Fri, 29 Nov 2024 05:34:16 +0700",Presiden Prabowo dan Menteri Pendidikan Dasar dan Menengah Abdul Mu'ti memberikan penghargaan untuk dua guru.
Prabowo Klaim Anggaran Pendidikan 2025 Tertinggi dalam Sejarah,https://nasional.tempo.co/read/1946735/prabowo-klaim-anggaran-pendidikan-2025-tertinggi-dalam-sejarah,"Fri, 29 Nov 2024 01:59:15 +0700",Presiden Prabowo Subianto mengatakan anggaran pendidikan tahun 2025 tertinggi sepanjang sejarah Indonesia.
Alasan TII Sebut Penyelenggaraan Pilkada dan Pemilu di Tahun yang Sama Perlu Dievaluasi,https://nasional.tempo.co/read/1946719/alasan-tii-sebut-penyelenggaraan-pilkada-dan-pemilu-di-tahun-yang-sama-perlu-dievaluasi,"Thu, 28 Nov 2024 23:22:32 +0700",TII menilai jadwal kegiatan KPU yang sangat padat pada Pemilu 2024 membuat persiapan pilkada kurang optimal.
"KPU Sebut Putaran Kedua Pilkada Jakarta Tunggu Hasil Rekapitulasi Manual Berjenjang, Begini Aturannya",https://nasional.tempo.co/read/1946709/kpu-sebut-putaran-kedua-pilkada-jakarta-tunggu-hasil-rekapitulasi-manual-berjenjang-begini-aturannya,"Thu, 28 Nov 2024 22:43:02 +0700",Partai Gerindra menyebutkan kemungkinan besar Pilkada Jakarta 2024 berlangsung dua putaran.
Herman Deru Lapor ke Jokowi usai Unggul dalam Hitung Cepat Pilgub Sumsel,https://nasional.tempo.co/read/1946708/herman-deru-lapor-ke-jokowi-usai-unggul-dalam-hitung-cepat-pilgub-sumsel,"Thu, 28 Nov 2024 22:40:32 +0700","Cagub Sumatera Selatan Herman Deru melaporkan kemenangan berdasarkan hasil hitung cepat kepada Presiden ke-7 RI, Joko Widodo."
Tim RK-Suswono Minta Publik Tunggu Keputusan KPU soal Pilkada Jakarta,https://nasional.tempo.co/read/1946698/tim-rk-suswono-minta-publik-tunggu-keputusan-kpu-soal-pilkada-jakarta,"Thu, 28 Nov 2024 22:17:52 +0700",Tim Ridwan Kamil-Suswono menyebut KPU sebagai penyelenggara pemilu yang berhak menyampaikan secara resmi hasil penghitungan suara di Pilkada Jakarta
"Ridwan Kamil Berharap Pilkada Jakarta Berlangsung 2 Putaran, Apa Syaratnya?",https://nasional.tempo.co/read/1946694/ridwan-kamil-berharap-pilkada-jakarta-berlangsung-2-putaran-apa-syaratnya,"Thu, 28 Nov 2024 21:58:01 +0700","Jika ingin berlanjut ke putaran kedua, maka tidak boleh ada pasangan calon Pilkada Jakarta yang memperoleh 50 persen plus 1 suara."
"Presiden Prabowo Hadiri HGN 2024, Abdul Mu'ti: Bukti Kedekatan dengan Para Guru",https://nasional.tempo.co/read/1946691/presiden-prabowo-hadiri-hgn-2024-abdul-muti-bukti-kedekatan-dengan-para-guru,"Thu, 28 Nov 2024 21:50:01 +0700",Mendikdasmen Abdul Mu'ti mengapresiasi kehadiran Presiden Prabowo di acara puncak Hari Guru Nasional 2024.
Saat Presiden Prabowo Ajak Para Menteri Bernyanyi Menghibur Guru,https://nasional.tempo.co/read/1946683/saat-presiden-prabowo-ajak-para-menteri-bernyanyi-menghibur-guru,"Thu, 28 Nov 2024 21:35:46 +0700","Presiden Prabowo menyebut, biasanya gubernur, menteri, hingga jenderal di Indonesia selalu dihormati dan diberi pelayanan terbaik."
Wayan Koster Klaim Kader PDIP Unggul Sementara dalam Pilkada di 8 Wilayah Bali,https://nasional.tempo.co/read/1946681/wayan-koster-klaim-kader-pdip-unggul-sementara-dalam-pilkada-di-8-wilayah-bali,"Thu, 28 Nov 2024 21:32:45 +0700",Data kemenangan sementara kader PDIP di pilkada diperoleh berdasarkan hitung nyata internal partai berdasarkan formulir C1 Hasil dari saksi tiap TPS.
"Pegadaian Galeri 24 Luncurkan Emas Batangan Denominasi 12,5 Kg",https://nasional.tempo.co/read/1946680/pegadaian-galeri-24-luncurkan-emas-batangan-denominasi-125-kg,"Thu, 28 Nov 2024 21:18:15 +0700","Emas batangan dengan denominasi 12,5 kilogram ini yaitu untuk memberikan variasi baru pilihan denominasi gram emas serta harga yang lebih efisien, baik dengan tujuan investasi maupun untuk pemenuhan kegiatan transaksi emas baik secara fisik maupun digital."
"Tempo Energy Day 2024, Upaya Wujudkan Transisi Energi untuk Generasi Mendatang",https://nasional.tempo.co/read/1946678/tempo-energy-day-2024-upaya-wujudkan-transisi-energi-untuk-generasi-mendatang,"Thu, 28 Nov 2024 21:17:57 +0700","TED 2024 diharapkan dapat menjadi wadah bagi para pemangku kepentingan dari sektor pemerintah, industri, akademisi, serta masyarakat"
Komitmen Alfamart dan Lukajel untuk Generasi Sehat Indonesia,https://nasional.tempo.co/read/1946675/komitmen-alfamart-dan-lukajel-untuk-generasi-sehat-indonesia,"Thu, 28 Nov 2024 21:08:14 +0700",Dukungan Alfamart dan Lukajel untuk kesehatan ibu dan anak lewat Posyandu di 34 kota selama Oktober-November 2024.
"Kotak Kosong Menang di Pilkada Pangkalpinang versi Hitung Cepat, Relawan Cerita Sempat Alami Intimidasi",https://nasional.tempo.co/read/1946672/kotak-kosong-menang-di-pilkada-pangkalpinang-versi-hitung-cepat-relawan-cerita-sempat-alami-intimidasi,"Thu, 28 Nov 2024 21:06:44 +0700","Kotak kosong menang melawan pasangan calon Wali Kota dan Wakil Wali Kota Pangkalpinang, Maulan Aklil dan Masagus Hakim berdasarkan hitung cepat"
Komisi II DPR Ajak Masyarakat Awasi Rekapitulasi Suara Pilkada 2024,https://nasional.tempo.co/read/1946664/komisi-ii-dpr-ajak-masyarakat-awasi-rekapitulasi-suara-pilkada-2024,"Thu, 28 Nov 2024 20:51:01 +0700",Ketua Komisi II DPR menilai proses rekapitulasi berjenjang dari tingkat kecamatan hingga provinsi merupakan salah satu celah terjadinya manipulasi suara.
Srikandi Pegadaian Gelar Seminar untuk Perempuan Berdaya,https://nasional.tempo.co/read/1946659/srikandi-pegadaian-gelar-seminar-untuk-perempuan-berdaya,"Thu, 28 Nov 2024 20:40:00 +0700","Seminar ini menjadi wadah penting untuk meningkatkan kesadaran mengenai isu-isu kekerasan terhadap perempuan yang masih menjadi tantangan global, termasuk di Indonesia."
"Sosok Rohidin Mersyah, Gubernur Bengkulu Tersangka OTT KPK",https://nasional.tempo.co/read/1946658/sosok-rohidin-mersyah-gubernur-bengkulu-tersangka-ott-kpk,"Thu, 28 Nov 2024 20:38:40 +0700",Gubernur Bengkulu Rohidin Mersyah ditetapkan sebagai tersangka OTT KPK. Berikut kasus dan profilnya.
Mendikdasmen Abdul Mu'ti Janjikan Kemudahan Pengelolaan Kinerja Guru pada 2025,https://nasional.tempo.co/read/1946650/mendikdasmen-abdul-muti-janjikan-kemudahan-pengelolaan-kinerja-guru-pada-2025,"Thu, 28 Nov 2024 20:27:38 +0700",Mendikdasmen Abdul Mu'ti mengatakan para guru nantinya tidak perlu lagi menghabiskan waktu untuk mengisi E-Kinerja
"Bea Cukai Tindak 66,99 Kg Narkotika Senilai Rp33,62 Miliar di Periode November 2024",https://bisnis.tempo.co/read/1946911/bea-cukai-tindak-6699-kg-narkotika-senilai-rp3362-miliar-di-periode-november-2024,"Fri, 29 Nov 2024 14:54:20 +0700","Bea Cukai menahan barang bukti sebanyak 66,99 kg dengan perkiraan nilai sebesar Rp33,62 miliar."
"Bea Cukai Tindak 1.562 Buah Kosmetik untuk Diperjualbelikan, Berpotensi Rugikan Negara Rp 45,6 Juta",https://bisnis.tempo.co/read/1946908/bea-cukai-tindak-1-562-buah-kosmetik-untuk-diperjualbelikan-berpotensi-rugikan-negara-rp-456-juta,"Fri, 29 Nov 2024 14:28:42 +0700",Direktorat Jenderal Bea Cukai Kementerian Keuangan memberantas upaya penyelundupan 1.562 buah kosmetik berbagai jenis senilai Rp 152 juta.
"Prabowo Naikkan Gaji Guru dengan Anggaran Rp16 T, DPR: Pendidik Jangan Malas",https://bisnis.tempo.co/read/1946902/prabowo-naikkan-gaji-guru-dengan-anggaran-rp16-t-dpr-pendidik-jangan-malas,"Fri, 29 Nov 2024 14:17:52 +0700","Prabowo mengatakan, guru swasta yang belum bersertifikasi, akan mendapat bantuan dana tunai yang langsung ditransfer."
"BI: Penjualan Properti Residensial Triwulan III 2024 Terkontraksi 7,14 Persen",https://bisnis.tempo.co/read/1946899/bi-penjualan-properti-residensial-triwulan-iii-2024-terkontraksi-714-persen,"Fri, 29 Nov 2024 14:03:34 +0700",Bank Indonesia (BI) mencatat penjualan properti residensial di pasar primer pada triwulan III 2024 menurun.
Arsjad Rasjid: Saya Tak akan Maju dalam Munas Kadin,https://bisnis.tempo.co/read/1946892/arsjad-rasjid-saya-tak-akan-maju-dalam-munas-kadin,"Fri, 29 Nov 2024 13:46:54 +0700",Ketua Umum Kamar Dagang dan Industri (Kadin) Indonesia Arsjad Rasjid menyatakan tak akan mencalonkan diri menjadi ketua umum dalam Musyawarah Nasional (Munas).
Asosiasi Ojol Kecam Rencana Bahlil Cabut Subsidi BBM,https://bisnis.tempo.co/read/1946891/asosiasi-ojol-kecam-rencana-bahlil-cabut-subsidi-bbm,"Fri, 29 Nov 2024 13:44:30 +0700","Ketua Umum Asosiasi Pengemudi Ojek Daring Garda Indonesia, Igun Wicaksono mengecam pernyataan Menteri Energi dan Sumber Daya Mineral (ESDM), Bahlil Lahadalia yang akan mencabut subsidi BBM untuk ojol."
"Banyak Keluarga Muda Gagal KPR karena Pernah Tersangkut Pinjol, Apersi Berharap Pemerintah Beri Kelonggaran",https://bisnis.tempo.co/read/1946875/banyak-keluarga-muda-gagal-kpr-karena-pernah-tersangkut-pinjol-apersi-berharap-pemerintah-beri-kelonggaran,"Fri, 29 Nov 2024 13:01:17 +0700",Apersi berharap pemerintah bisa memberikan kelonggaran pada masyarakat berpenghasilan rendah yang gagal mengajukan KPR karena terjerat pinjol.
"Bea Cukai Berantas Penyelundupan 289 Unit Handphone, Komputer Genggam, dan Tablet Ilegal Senilai Rp 867 Juta",https://bisnis.tempo.co/read/1946863/bea-cukai-berantas-penyelundupan-289-unit-handphone-komputer-genggam-dan-tablet-ilegal-senilai-rp-867-juta,"Fri, 29 Nov 2024 12:12:59 +0700","Direktorat Jenderal Bea Cukai Kementerian Keuangan memberantas 289 unit handphone, komputer genggam, dan tablet (HKT) senilai Rp867 juta. Langkah tersebut berasal dari 8 penindakan pada periode 4 hingga 27 November 2024."
Wakil Menteri BUMN Sebut Gapoktan akan jadi Koperasi Mulai April 2025,https://bisnis.tempo.co/read/1946862/wakil-menteri-bumn-sebut-gapoktan-akan-jadi-koperasi-mulai-april-2025,"Fri, 29 Nov 2024 12:07:44 +0700","Wakil Menteri BUMN Kartika Wirjoatmodjo berharap, perubahan kelembagaan Gapoktan menjadi koperasi dapat selesai maksimal pada April 2025."
Harga Emas Antam Hari Ini Turun Rp 5 Ribu di Level Rp1.508.000 per Gram,https://bisnis.tempo.co/read/1946859/harga-emas-antam-hari-ini-turun-rp-5-ribu-di-level-rp1-508-000-per-gram,"Fri, 29 Nov 2024 12:00:08 +0700","Harga emas PT Aneka Tambang Tbk atau harga emas Antam turun Rp5 ribu di level Rp1.508.000 per gram pada Jumat, 29 November 2024."
"Tanggapi Peluncuran Danantara, Mensesneg Prasetyo Hadi: Tunggu Tanggal Mainnya",https://bisnis.tempo.co/read/1946858/tanggapi-peluncuran-danantara-mensesneg-prasetyo-hadi-tunggu-tanggal-mainnya,"Fri, 29 Nov 2024 11:56:46 +0700",Menteri Sekretaris Negara Prasetyo Hadi mengatakan belum ada kepastian mengenai peluncuran Badan Pengelola Investasi Daya Anagata Nusantara (Danantara).
"Kadin Arsjad Rasjid Gelar Rapimnas Hari Ini, Agendakan Bahas Percepatan Munas",https://bisnis.tempo.co/read/1946856/kadin-arsjad-rasjid-gelar-rapimnas-hari-ini-agendakan-bahas-percepatan-munas,"Fri, 29 Nov 2024 11:55:47 +0700","Kamar Dagang dan Industri (Kadin) Indonesia pimpinan Arsjad Rasjid menggelar Rapat Pimpinan Nasional (Rapimnas) 2024 di Hotel Pullman, Jakarta, Jumat, 29 November 2024."
Manfaat BRIguna: Solusi Keuangan Fleksibel dan Mudah,https://bisnis.tempo.co/read/1946844/manfaat-briguna-solusi-keuangan-fleksibel-dan-mudah,"Fri, 29 Nov 2024 11:11:00 +0700","BRIguna dari BRI menawarkan pinjaman fleksibel untuk kebutuhan finansial seperti pendidikan, renovasi, dan usaha. Proses mudah via BRImo, tenor hingga 15 tahun, suku bunga kompetitif, dan promo menarik."
"Penerima Subsidi BBM dan Listrik: Ada 3 Opsi Pemerintah, Kenapa Ojol Tidak Termasuk?",https://bisnis.tempo.co/read/1946842/penerima-subsidi-bbm-dan-listrik-ada-3-opsi-pemerintah-kenapa-ojol-tidak-termasuk,"Fri, 29 Nov 2024 11:03:58 +0700",Pemerintah akan mengubah cara pemberian subsidi BBM dan listrik untuk masyarakat miskin karena cara lama dinilai banyak salah sasaran.
BRI Rayakan HUT ke-129: Rilis BRIguna sebagai Solusi Semua Kebutuhan Nasabah,https://bisnis.tempo.co/read/1946839/bri-rayakan-hut-ke-129-rilis-briguna-sebagai-solusi-semua-kebutuhan-nasabah,"Fri, 29 Nov 2024 11:01:00 +0700","Produk BRIguna dirancang sebagai solusi untuk nasabah dalam memenuhi berbagai kebutuhan, mulai dari pendidikan, renovasi rumah, hingga modal usaha."
"Kenaikan PPN 12 Persen: Dikaji DPR, Kritik, dan Kategori Barang yang Terkena Dampaknya",https://bisnis.tempo.co/read/1946814/kenaikan-ppn-12-persen-dikaji-dpr-kritik-dan-kategori-barang-yang-terkena-dampaknya,"Fri, 29 Nov 2024 09:47:24 +0700","Rencana kenaikan PPN 12 persen ini memicu beragam reaksi, serta adanya tuntutan untuk mempertimbangkan ulang"
"Rencana Tata Ruang PSN PIK 2 Bermasalah, Nusron Wahid Bakal Kaji Ulang",https://bisnis.tempo.co/read/1946813/rencana-tata-ruang-psn-pik-2-bermasalah-nusron-wahid-bakal-kaji-ulang,"Fri, 29 Nov 2024 09:47:19 +0700",Menteri Agraria dan Tata Ruang/Kepala Badan Pertanahan Nasional (ATR/BPN) Nusron Wahid mengatakan proyek strategis nasional (PSN) pariwisata Tropical Coastland Pantai Indah Kapuk atau PIK 2 di Banten bakal dikaji ulang.
Mendag Targetkan Harga MinyaKita Turun Pekan Ini,https://bisnis.tempo.co/read/1946783/mendag-targetkan-harga-minyakita-turun-pekan-ini,"Fri, 29 Nov 2024 09:00:00 +0700","Harga rata-rata nasional MinyaKita kini tembus Rp 17.100 per liter, lebih tinggi dari Harga Eceran Tertinggi (HET) sebesar Rp 15.700 per liter."
"Danantara Siap Beroperasi, Muliaman Hadad Serahkan PP dan Perpres ke Mensesneg Pagi Ini",https://bisnis.tempo.co/read/1946788/danantara-siap-beroperasi-muliaman-hadad-serahkan-pp-dan-perpres-ke-mensesneg-pagi-ini,"Fri, 29 Nov 2024 08:47:25 +0700","Kepala Danantara Muliaman Hadad dan Wakil Kepala Danantara Kaharuddin Djenod akan menyerahkan PP dan Perpres BPI Danantara kepada Menteri Sekretaris Negara Prasetyo Hadi di Gedung Kementerian Sekretariat Negara, kompleks Istana Kepresidenan"
"Harga pangan Jumat: Beras dan Bawang Turun, Cabai Rawit Naik Rp2.590 Menjadi Rp40.490 per Kilogram",https://bisnis.tempo.co/read/1946786/harga-pangan-jumat-beras-dan-bawang-turun-cabai-rawit-naik-rp2-590-menjadi-rp40-490-per-kilogram,"Fri, 29 Nov 2024 08:40:04 +0700",Badan Pangan Nasional (Bapanas) mencatat sejumlah harga pangan secara umum fluktuatif pada Jumat pagi
"Pemerintah Siapkan Harbolnas 12.12, Target Transaksi Hampir Rp 30 Triliun",https://bisnis.tempo.co/read/1946776/pemerintah-siapkan-harbolnas-12-12-target-transaksi-hampir-rp-30-triliun,"Fri, 29 Nov 2024 07:51:12 +0700",Pemerintah menargetkan total transaksi untuk acara Harbolnas tahun ini sekitar Rp 28 triliun hingga Rp 30 triliun.
"Pemerintah akan Bangun Ekosistem Halal Satu Atap Lewat BPJPH, Bagaimana dengan Sertifikasi Halal MUI?",https://bisnis.tempo.co/read/1946771/pemerintah-akan-bangun-ekosistem-halal-satu-atap-lewat-bpjph-bagaimana-dengan-sertifikasi-halal-mui,"Fri, 29 Nov 2024 07:33:25 +0700","Kepala Badan Penyelenggara Jaminan Produk Halal (BPJPH), Haikal Hassan Baras menyebutkan pemerintah akan segera membentuk ekosistem halal."
"Prabowo Umumkan Kenaikan Gaji Guru Efektif Berlaku Tahun 2025, Berapa Besarannya?",https://bisnis.tempo.co/read/1946727/prabowo-umumkan-kenaikan-gaji-guru-efektif-berlaku-tahun-2025-berapa-besarannya,"Fri, 29 Nov 2024 05:31:00 +0700","Presiden Prabowo Subianto telah mengumumkan kenaikan alokasi anggaran untuk kesejahteraan guru ASN dan non-ASN pada tahun 2025 menjadi Rp 81,6 triliun"
"Pemerintah Cina Kritik Rencana Kebijakan Pengetatan Impor Presiden AS Terpilih, Donald Trump",https://bisnis.tempo.co/read/1946741/pemerintah-cina-kritik-rencana-kebijakan-pengetatan-impor-presiden-as-terpilih-donald-trump,"Fri, 29 Nov 2024 04:28:32 +0700","Pemerintah Cina kritik rencana kebijakan presiden AS terpilih, Donald Trump, yang bakal menerapkan kenaikan tarif impor dari Cina"
"Ojek Online Bakal Tak Dapat Subsidi BBM, Ekonom Peringatkan Dampaknya ke Perekonomian",https://bisnis.tempo.co/read/1946740/ojek-online-bakal-tak-dapat-subsidi-bbm-ekonom-peringatkan-dampaknya-ke-perekonomian,"Fri, 29 Nov 2024 04:09:27 +0700",Ekonom UPN Veteran Jakarta mengatakan dampak penghapusan subsidi BBM untuk ojek online berdampak ke masyarakat secara keseluruhan.
"Bea Cukai Musnahkan Barang Sitaan Senilai Rp 44 Miliar, Ada Pakaian Bekas Hingga Rokok Ilegal",https://bisnis.tempo.co/read/1946736/bea-cukai-musnahkan-barang-sitaan-senilai-rp-44-miliar-ada-pakaian-bekas-hingga-rokok-ilegal,"Fri, 29 Nov 2024 02:25:03 +0700",Bea Cukai memusnahkan barang sitaan senilai Rp 44 miliar. Mulai dari pakaian bekas impor hingga rokok ilegal.
"Ikuti Arahan Prabowo, Garuda Akan Turunkan Harga Tiket Pesawat 10 Persen pada Libur Akhir Tahun",https://bisnis.tempo.co/read/1946668/ikuti-arahan-prabowo-garuda-akan-turunkan-harga-tiket-pesawat-10-persen-pada-libur-akhir-tahun,"Thu, 28 Nov 2024 20:56:18 +0700",Garuda Indonesia siap menurunkan harga tiket pesawat untuk rute domestik pada periode Natal 2024 dan Tahun Baru 2025.
Bos BTN Ungkap Finalisasi Perpanjangan Tenor KPR jadi 30 Tahun: OJK Sudah Tidak Ada Isu,https://bisnis.tempo.co/read/1946652/bos-btn-ungkap-finalisasi-perpanjangan-tenor-kpr-jadi-30-tahun-ojk-sudah-tidak-ada-isu,"Thu, 28 Nov 2024 20:29:20 +0700","Direktur Utama BTN, Nixon Napitupulu, mengatakan, perpanjangan tenor KPR menjadi 30 tahun bisa mengatasi persoalan keterjangkauan rumah."
4 Juta Pengemudi Ojol Ancam Turun ke Jalan Bila Bahlil Cabut Subsidi BBM untuk Ojek Online,https://bisnis.tempo.co/read/1946626/4-juta-pengemudi-ojol-ancam-turun-ke-jalan-bila-bahlil-cabut-subsidi-bbm-untuk-ojek-online,"Thu, 28 Nov 2024 19:33:42 +0700","Ketua Umum Asosiasi Pengemudi Ojek Daring Garda Indonesia, Igun Wicaksono mengancam akan turun ke jalan bila subsidi BBM untuk ojol dicabut."
"Impor Garam Konsumsi Disetop Tahun Depan, Trenggono: Kita Bangun Modeling",https://bisnis.tempo.co/read/1946609/impor-garam-konsumsi-disetop-tahun-depan-trenggono-kita-bangun-modeling,"Thu, 28 Nov 2024 18:57:48 +0700",Menteri Trenggono akan membangun satu industri garam tiruan di dalam negeri. Hal ini seiring dengan rencana pemerintah menyetop impor garam.
Daftar Kode Virtual Account DANA untuk Top Up dari Bank,https://bisnis.tempo.co/read/1946578/daftar-kode-virtual-account-dana-untuk-top-up-dari-bank,"Thu, 28 Nov 2024 18:13:00 +0700",Kode virtual DANA perlu diketahui sebelum mengisi saldo DANA dari bank. Berikut daftar lengkapnya.
Unilever Indonesia Jual Bisnis Es Krim ke Magnum Senilai Rp 7 Triliun,https://bisnis.tempo.co/read/1946596/unilever-indonesia-jual-bisnis-es-krim-ke-magnum-senilai-rp-7-triliun,"Thu, 28 Nov 2024 18:05:56 +0700",PT Unilever Indonesia Tbk (UNVR) menjual bisnis es krim miliknya ke PT The Magnum Ice Cream Indonesia.
Maruarar Sirait Bakal Relokasi Warga Kolong Jembatan ke Rusun Mulai Sabtu Ini,https://bisnis.tempo.co/read/1946579/maruarar-sirait-bakal-relokasi-warga-kolong-jembatan-ke-rusun-mulai-sabtu-ini,"Thu, 28 Nov 2024 17:31:05 +0700",Maruarar Sirait alias Ara bakal merelokasi warga yang tinggal di kolong jembatan di Jakarta ke rusun.
Zulhas: Stok Barang Sembako Menjelang Nataru Aman Terkendali,https://bisnis.tempo.co/read/1946554/zulhas-stok-barang-sembako-menjelang-nataru-aman-terkendali,"Thu, 28 Nov 2024 16:39:16 +0700","Menko bidang pangan, Zulkifli Hasan, mengatakan stok barang sembako sampai harga terbilang aman terkendali menjelang Nataru."
CISDI Beberkan Dampak PPN 12 Persen ke Lonjakan Biaya Layanan Kesehatan di Tengah Inflasi Medis,https://bisnis.tempo.co/read/1946551/cisdi-beberkan-dampak-ppn-12-persen-ke-lonjakan-biaya-layanan-kesehatan-di-tengah-inflasi-medis,"Thu, 28 Nov 2024 16:23:18 +0700","Chief Strategist dari Center for Indonesia's Strategic Development Initiatives (CISDI), Yurdhina Meilissa, mengatakan kenaikan Pajak Pertambahan Nilai (PPN) dari 11 persen menjadi 12 persen akan menaikkan biaya layanan kesehatan."
Bahlil Sebut Ojek Online Tidak Jadi Target Subsidi BBM Tepat Sasaran,https://bisnis.tempo.co/read/1946540/bahlil-sebut-ojek-online-tidak-jadi-target-subsidi-bbm-tepat-sasaran,"Thu, 28 Nov 2024 16:12:16 +0700",Bahlil mengatakan ojek online merupakan sebuah usaha.
"Mendag: Harga Rata-Rata Nasional MinyaKita Tembus Rp 17.100, Jawa dan Sumatera Normal",https://bisnis.tempo.co/read/1946541/mendag-harga-rata-rata-nasional-minyakita-tembus-rp-17-100-jawa-dan-sumatera-normal,"Thu, 28 Nov 2024 16:06:50 +0700","Menteri Perdagangan Budi Santoso mengungkapkan, harga rata-rata nasional MinyaKita menyentuh Rp 17.100 per liter menjelang Natal dan tahun baru (Nataru)."
"Pemerintah Turunkan Harga Tiket Pesawat, Bagaimana Caranya dan Kenapa Hanya di Natal-Tahun Baru?",https://bisnis.tempo.co/read/1946538/pemerintah-turunkan-harga-tiket-pesawat-bagaimana-caranya-dan-kenapa-hanya-di-natal-tahun-baru,"Thu, 28 Nov 2024 16:04:53 +0700","Pemerintah menurunkan harga tiket pesawat dalam negeri di seluruh bandara yang ada di Indonesia, namun hanya selama periode Natal 2024 dam Tahun Baru"
Maruarar Sirait Sebut Perusahaan Boy Thohir Bakal Bangun Rumah Rakyat di Kalimantan Selatan,https://bisnis.tempo.co/read/1946534/maruarar-sirait-sebut-perusahaan-boy-thohir-bakal-bangun-rumah-rakyat-di-kalimantan-selatan,"Thu, 28 Nov 2024 16:00:44 +0700",Menteri Maruarar Sirait mengklaim pengusaha sekaligus pemilik PT Adaro Enery Garibaldi Thohir alias Boy Thohir bakal ikut merealisasikan program 3 juta rumah.
"Rupiah Menguat ke Level Rp15.871 per Dolar AS, Penguatan Diprediksi Berlanjut Besok",https://bisnis.tempo.co/read/1946531/rupiah-menguat-ke-level-rp15-871-per-dolar-as-penguatan-diprediksi-berlanjut-besok,"Thu, 28 Nov 2024 15:58:11 +0700","Mata uang rupiah ditutup menguat 63 poin ke level Rp15.871 per dolar AS pada penutupan perdagangan Kamis, 28 November 2024."
Pengajuan KPR Subsidi oleh Keluarga Muda Banyaknya Ditolak karena Utang Pinjol di Bawah Rp 1 Juta,https://bisnis.tempo.co/read/1946521/pengajuan-kpr-subsidi-oleh-keluarga-muda-banyaknya-ditolak-karena-utang-pinjol-di-bawah-rp-1-juta,"Thu, 28 Nov 2024 15:22:50 +0700","Ketua Umum Apersi, Junaidi Abdillah, mengeluhkan banyaknya keluarga baru yang ditolak pengajuan KPR-nya karena terjerat pinjol."
"Maruarar Sirait Serahkan Kunci Rusunawa Pasar Rumput ke Calon Penghuni, Harga Sewa Mulai dari Rp 1,1 Juta",https://bisnis.tempo.co/read/1946516/maruarar-sirait-serahkan-kunci-rusunawa-pasar-rumput-ke-calon-penghuni-harga-sewa-mulai-dari-rp-11-juta,"Thu, 28 Nov 2024 15:00:33 +0700",Menteri Maruarar Sirait alias Ara menyerahkan kunci rumah susun sewa (Rusunawa) Pasar Rumput kepada calon penghuni pada hari ini.
Prabowo Terima Kunjungan Sekjen OECD di Istana Negara,https://bisnis.tempo.co/read/1946510/prabowo-terima-kunjungan-sekjen-oecd-di-istana-negara,"Thu, 28 Nov 2024 14:52:04 +0700",Menko Airlangga mengatakan bahwa kunjungan Cormann ke kantor Prabowo sebagai bagian proses aksesi keanggotaan Indonesia di OECD
"Permintaan MinyaKita Meningkat Menjelang Nataru, Mendag akan Tambah Pasokan",https://bisnis.tempo.co/read/1946503/permintaan-minyakita-meningkat-menjelang-nataru-mendag-akan-tambah-pasokan,"Thu, 28 Nov 2024 14:40:18 +0700",Menteri Perdagangan Budi Santoso mengatakan akan mengirimkan tambahan pasokan MinyaKita di daerah-daerah yang kekurangan.
Maruarar Ingin Program 3 Juta Rumah Sesuai Kebutuhan Pasar: Jangan Dibangun Lalu Kosong,https://bisnis.tempo.co/read/1946500/maruarar-ingin-program-3-juta-rumah-sesuai-kebutuhan-pasar-jangan-dibangun-lalu-kosong,"Thu, 28 Nov 2024 14:28:48 +0700","Menteri Perumahan dan Kawasan Permukiman, Maruarar Sirait menegaskan pembangunan hunian untuk program 3 juta rumah harus sesuai dengan kebutuhan pasar."
BRI Perkuat Komitmen Tata Kelola Perusahaan yang Transparan dan Berkelanjutan,https://bisnis.tempo.co/read/1946493/bri-perkuat-komitmen-tata-kelola-perusahaan-yang-transparan-dan-berkelanjutan,"Thu, 28 Nov 2024 14:15:02 +0700","PT Bank Rakyat Indonesia (Persero) Tbk (BRI) telah berhasil memperoleh penghargaan The Most Trusted Company dalam ajang Corporate Governance Perception Index (CGPI) 2024, di Jakarta, pada Senin, 25 November 2024."
BRI Dinobatkan Sebagai The Most Trusted Company 2024,https://bisnis.tempo.co/read/1946490/bri-dinobatkan-sebagai-the-most-trusted-company-2024,"Thu, 28 Nov 2024 14:12:29 +0700",Penghargaan ini mencerminkan komitmen BRI dalam menerapkan tata kelola perusahaan yang kuat dan adaptif di tengah tantangan yang terus berkembang.
Mendag Sebut Harga Rata-Rata Nasional MinyaKita Melonjak karena Masalah Distribusi,https://bisnis.tempo.co/read/1946473/mendag-sebut-harga-rata-rata-nasional-minyakita-melonjak-karena-masalah-distribusi,"Thu, 28 Nov 2024 13:39:23 +0700","Menteri Perdagangan Budi Santoso mengungkapkan, harga rata-rata nasional MinyaKita lebih tinggi dibandingkan Harga Eceran Tertinggi (HET) sebesar Rp 15.700 menjelang Natal dan tahun baru (Nataru)."
IHSG Melemah ke Level 7.210 di Sesi Pertama Perdagangan Usai Pilkada Serentak,https://bisnis.tempo.co/read/1946463/ihsg-melemah-ke-level-7-210-di-sesi-pertama-perdagangan-usai-pilkada-serentak,"Thu, 28 Nov 2024 13:12:00 +0700","Indeks Harga Saham Gabungan (IHSG) bergerak melemah 0,48 persen di level 7.210 pada akhir sesi pertama setelah libur Pilkada Serentak, Kamis, 28 November 2024."
"Konsumsi Produk Halal Global 2024 Diperkirakan Capai US$ 2,4 Triliun, Menperin: RI Unggul di Mamin dan Fesyen",https://bisnis.tempo.co/read/1946455/konsumsi-produk-halal-global-2024-diperkirakan-capai-us-24-triliun-menperin-ri-unggul-di-mamin-dan-fesyen,"Thu, 28 Nov 2024 12:51:13 +0700","Menteri Perindustrian Agus Gumiwang Kartasasmita mengatakan, sektor makanan dan minuman dan modest fashion halal mencatatkan pertumbuhan masing-masing sebesar 5,87 persen (YoY) dan 3,81 persen (YoY) pada tahun ini."
